{
  "name": "s-and-p-500-companies",
  "title": "S&P 500 Companies with Financial Information",
  "version": "1.0",
  "licenses": [
    {
      "name": "ODC-PDDL-1.0",
      "path": "http://opendatacommons.org/licenses/pddl/",
      "title": "Open Data Commons Public Domain Dedication and License v1.0"
    }
  ],
  "resources": [
    {
      "name": "constituents",
      "path": "data/constituents.csv",
      "format": "csv",
      "mediatype": "text/csv",
      "schema": {
        "fields": [
          {
            "name": "Symbol",
            "description": "",
            "type": "string"
          },
          {
            "name": "Name",
            "description": "",
            "type": "string"
          },
          {
            "name": "Sector",
            "description": "",
            "type": "string"
          }
        ]
      }
    }
  ],
  "related": [
    {
      "title": "S&P 500 Index Data",
      "path": "/core/s-and-p-500",
      "publisher": "core",
      "formats": ["CSV", "JSON"]
    },
    {
      "title": "S&P 500 Companies with Financial Information",
      "path": "/core/s-and-p-500-companies-financials",
      "publisher": "core",
      "formats": ["CSV", "JSON"]
    },
    {
      "title": "VIX - CBOE Volatility Index",
      "path": "/core/finance-vix",
      "publisher": "core",
      "formats": ["CSV", "JSON"]
    },
    {
      "title": "NYSE and Other Listings",
      "path": "/core/nyse-other-listings",
      "publisher": "core",
      "formats": ["CSV", "JSON"]
    }
  ]
}
